Age,Main Domain,Main Domain Percentage,Favorite Subject,Area of Interest,Atelier Recomender
12,Biology,87.0,Biology,Bio Sciences,Bio Sciences
9,O Level,80.0,Finance / Accounting / Statistics,Business Administration,Business Administration
16,Biology,87.0,Physics,Bio Sciences,Bio Sciences
13,Computer,75.0,Computer Science,Software Engineering,Computer Science
10,Computer,83.0,Computer Science,Software Engineering,Software Engineering
12,O Level,69.0,Mathematics,Software Engineering,Computer Science
15,Computer,63.0,Finance / Accounting / Statistics,Account and Finance,Business Administration
8,Computer,69.0,Finance / Accounting / Statistics,Mathematics,Account and Finance
12,Computer,75.0,Mathematics,Mathematics,Electrical Engineering
16,Computer,65.0,Computer Science,Software Engineering,Bio Sciences
16,Biology,89.0,Biology,Bio Sciences,Bio Sciences
13,Biology,70.0,Biology,Psychology,Psychology
10,Computer,45.0,Physics,Psychology,Electrical Engineering
9,O Level,70.0,Mathematics,Mathematics,Mathematics
13,Arts,49.0,Finance / Accounting / Statistics,Business Administration,Account and Finance
13,Computer,78.0,Computer Science,Civil Engineering,Computer Science
8,Arts,60.0,Mathematics,English,English
11,Computer,65.0,Mathematics,Account and Finance,Account and Finance
10,Computer,77.0,Computer Science,Computer Science,Computer Science
7,Biology,71.0,Computer Science,Software Engineering,Software Engineering
13,O Level,78.0,Computer Science,Software Engineering,Software Engineering
17,Computer,63.0,Finance / Accounting / Statistics,Business Administration,Account and Finance
11,Arts,90.0,Finance / Accounting / Statistics,Account and Finance,Account and Finance
7,Arts,75.0,Mathematics,Mathematics,Software Engineering
17,Biology,78.0,Mathematics,Mechanical Engineering,Mechanical Engineering
10,Biology,78.0,Mathematics,Civil Engineering,Mechanical Engineering
6,O Level,63.0,Mathematics,Psychology,Psychology
17,O Level,71.0,Mathematics,Mathematics,Mathematics
15,Arts,92.0,Finance / Accounting / Statistics,Mathematics,Business Administration
11,Computer,90.0,Computer Science,Computer Science,Computer Science
17,O Level,68.0,Mathematics,Civil Engineering,Civil Engineering
14,O Level,66.0,Computer Science,Software Engineering,Software Engineering
6,Arts,69.0,Finance / Accounting / Statistics,Business Administration,Business Administration
16,Computer,72.0,Computer Science,Mathematics,Computer Science
16,O Level,71.0,Biology,Psychology,Bio Sciences
15,Biology,75.0,Finance / Accounting / Statistics,Business Administration,Business Administration
17,Computer,68.0,Computer Science,Computer Science,Computer Science
17,O Level,67.0,Mathematics,Mathematics,Mathematics
8,Computer,71.0,Biology,Bio Sciences,Bio Sciences
17,Arts,60.0,Finance / Accounting / Statistics,Mathematics,Business Administration
12,Biology,81.0,Finance / Accounting / Statistics,Account and Finance,Business Administration
9,Biology,89.0,Biology,Bio Sciences,Bio Sciences
14,Arts,81.0,Mathematics,Civil Engineering,Mechanical Engineering
8,Computer,70.0,English,English,English
10,Computer,91.0,Computer Science,Computer Science,Computer Science
8,O Level,76.0,Physics,Mechanical Engineering,Mechanical Engineering
12,O Level,58.0,English,English,English
10,Arts,79.0,Chemistry,Software Engineering,Software Engineering
14,Arts,81.0,Finance / Accounting / Statistics,Business Administration,Account and Finance
12,Computer,73.0,Mathematics,Civil Engineering,Civil Engineering
7,O Level,85.0,Mathematics,Civil Engineering,Civil Engineering
9,Biology,72.0,Biology,Psychology,Bio Sciences
14,Arts,89.0,Finance / Accounting / Statistics,Account and Finance,Business Administration
17,O Level,89.0,Computer Science,Computer Science,Software Engineering
7,Computer,89.0,Computer Science,Software Engineering,Software Engineering
15,O Level,80.0,Chemistry,Psychology,Psychology
14,Arts,90.0,Mathematics,Mathematics,Mathematics
15,Biology,75.0,Physics,Mechanical Engineering,Mechanical Engineering
10,Biology,60.0,Biology,Bio Sciences,Bio Sciences
7,O Level,76.0,Physics,Civil Engineering,Civil Engineering
9,Computer,78.0,Computer Science,Software Engineering,Computer Science
17,Biology,81.0,Mathematics,Software Engineering,Software Engineering
17,Computer,79.0,English,Software Engineering,Software Engineering
12,O Level,79.0,Chemistry,Bio Sciences,Bio Sciences
17,Computer,90.0,Biology,Psychology,Psychology
13,Computer,65.0,Computer Science,Computer Science,Software Engineering
8,O Level,60.0,Computer Science,Software Engineering,Computer Science
6,Biology,90.0,Biology,Bio Sciences,Bio Sciences
9,Arts,60.0,Finance / Accounting / Statistics,Account and Finance,Business Administration
7,O Level,70.0,Biology,Software Engineering,Computer Science
13,Computer,85.0,Mathematics,Software Engineering,Software Engineering
9,O Level,80.0,Finance / Accounting / Statistics,Account and Finance,Account and Finance
7,Computer,60.0,English,Business Administration,Business Administration
11,Computer,90.0,Computer Science,Computer Science,Computer Science
11,Biology,70.0,Physics,Psychology,Psychology
15,Biology,68.0,Biology,Software Engineering,Software Engineering
9,O Level,95.0,Physics,Mechanical Engineering,Mechanical Engineering
11,Biology,85.0,Biology,Bio Sciences,Bio Sciences
7,O Level,68.0,Finance / Accounting / Statistics,Business Administration,Business Administration
15,O Level,60.0,Biology,Psychology,Bio Sciences
17,Arts,87.0,Mathematics,Account and Finance,Business Administration
7,O Level,75.0,Biology,Psychology,Psychology
15,Computer,78.0,Computer Science,Software Engineering,Mathematics
9,Biology,70.0,Mathematics,English,Mathematics
13,Biology,45.0,English,English,English
12,Computer,67.0,Finance / Accounting / Statistics,Business Administration,Account and Finance
17,Computer,60.0,English,Business Administration,Business Administration
14,Biology,92.0,Finance / Accounting / Statistics,Account and Finance,Account and Finance
13,Computer,78.0,Computer Science,Computer Science,Computer Science
10,Biology,71.0,English,Business Administration,Business Administration
7,Biology,81.0,English,Business Administration,Business Administration
10,Computer,65.0,Computer Science,Computer Science,Computer Science
13,Biology,80.0,Biology,Psychology,Psychology
15,Biology,80.0,Finance / Accounting / Statistics,Bio Sciences,English
14,Biology,86.0,Biology,Bio Sciences,Psychology
17,Biology,83.0,Mathematics,Electrical Engineering,Electrical Engineering
17,O Level,89.0,English,English,English
17,O Level,89.0,English,English,English
14,O Level,89.0,English,English,English
6,Biology,84.0,Biology,Mathematics,Psychology
14,Biology,94.0,Biology,Psychology,Psychology
12,Computer,76.0,Physics,Psychology,Account and Finance
14,Computer,62.0,Mathematics,Computer Science,Computer Science
13,Computer,70.0,Mathematics,English,English
6,Biology,86.0,Finance / Accounting / Statistics,Account and Finance,Account and Finance
17,Biology,94.0,Physics,Bio Sciences,Bio Sciences
13,Biology,75.0,Mathematics,Mathematics,Psychology
13,Computer,68.0,Computer Science,Psychology,Psychology
16,Biology,94.0,Biology,Bio Sciences,Bio Sciences
8,Biology,89.0,Biology,Bio Sciences,Bio Sciences
6,Biology,91.0,Mathematics,Psychology,Psychology
13,Biology,81.0,Biology,Psychology,Psychology
8,Computer,70.0,Computer Science,Software Engineering,Software Engineering
8,Biology,94.0,Biology,Bio Sciences,Bio Sciences
6,Arts,85.0,Mathematics,Mathematics,Business Administration
16,O Level,90.0,Computer Science,Software Engineering,Computer Science
10,Biology,89.0,Chemistry,Business Administration,Bio Sciences
15,Biology,92.0,Mathematics,Software Engineering,Software Engineering
12,Biology,60.0,Biology,Bio Sciences,Bio Sciences
15,Biology,60.0,Biology,Bio Sciences,Bio Sciences
14,Arts,90.0,Computer Science,English,English
17,Computer,60.0,English,Business Administration,English
12,Biology,91.0,Physics,Mathematics,Mathematics
14,Biology,90.0,Biology,Bio Sciences,Bio Sciences
13,Biology,85.0,Biology,Psychology,Psychology
17,Computer,79.0,Mathematics,Mathematics,Mathematics
7,Computer,75.0,Computer Science,Computer Science,Computer Science
6,Computer,75.0,Mathematics,Computer Science,Computer Science
12,Biology,70.0,Computer Science,Computer Science,English
12,Biology,94.0,Biology,Psychology,Psychology
13,Computer,88.0,Computer Science,Software Engineering,Software Engineering
10,Arts,80.0,English,Psychology,English
8,Biology,88.0,Biology,Bio Sciences,Bio Sciences
17,Arts,80.0,English,Psychology,Psychology
13,Biology,65.0,Biology,Bio Sciences,Bio Sciences
11,O Level,56.0,Physics,Mechanical Engineering,Mechanical Engineering
16,O Level,58.0,Mathematics,Mathematics,Mathematics
8,Arts,86.0,Finance / Accounting / Statistics,Account and Finance,Account and Finance
6,Biology,65.0,Mathematics,Software Engineering,Software Engineering
8,Biology,70.0,Mathematics,Mechanical Engineering,Software Engineering
10,Biology,88.0,Biology,Bio Sciences,Bio Sciences
8,Biology,88.0,Biology,Bio Sciences,Bio Sciences
6,Biology,75.0,Biology,Psychology,Psychology
10,Computer,60.0,Computer Science,Computer Science,Computer Science
15,Computer,70.0,Computer Science,Computer Science,Computer Science
12,Biology,89.0,Biology,Psychology,Psychology
12,Biology,72.0,Biology,Bio Sciences,Bio Sciences
16,Computer,62.0,Finance / Accounting / Statistics,Account and Finance,Business Administration
14,O Level,65.0,Mathematics,English,English
15,Arts,60.0,Finance / Accounting / Statistics,Account and Finance,Account and Finance
15,Computer,60.0,Computer Science,Computer Science,Computer Science
17,Biology,90.0,Biology,Bio Sciences,Bio Sciences
8,Biology,70.0,Biology,Psychology,Psychology
12,Computer,70.0,Finance / Accounting / Statistics,Account and Finance,Account and Finance
6,O Level,90.0,Biology,Bio Sciences,Bio Sciences
9,Biology,90.0,Biology,Bio Sciences,Bio Sciences
9,Computer,60.0,Computer Science,Computer Science,Computer Science
10,Biology,68.0,Biology,English,Bio Sciences
12,Biology,85.0,Chemistry,Mathematics,Bio Sciences
12,Biology,85.0,Chemistry,Mathematics,Bio Sciences
16,Biology,85.0,Chemistry,Mathematics,Bio Sciences
9,Biology,85.0,Chemistry,Mathematics,Bio Sciences
12,Computer,60.0,Mathematics,Mechanical Engineering,Electrical Engineering
16,Biology,64.0,Computer Science,Mechanical Engineering,Mechanical Engineering
8,Biology,70.0,Mathematics,Mechanical Engineering,Software Engineering
11,Biology,62.0,Computer Science,Computer Science,Software Engineering
17,Biology,73.0,Physics,Civil Engineering,Civil Engineering
7,Biology,78.0,Chemistry,Bio Sciences,Bio Sciences
15,Biology,78.0,Chemistry,Bio Sciences,Bio Sciences
14,Biology,78.0,Chemistry,Bio Sciences,Bio Sciences
10,Biology,78.0,Chemistry,Bio Sciences,Bio Sciences
11,Biology,78.0,Chemistry,Bio Sciences,Bio Sciences
17,Biology,78.0,Chemistry,Bio Sciences,Bio Sciences
17,Biology,78.0,Chemistry,Bio Sciences,Bio Sciences
17,Biology,78.0,Chemistry,Bio Sciences,Bio Sciences
17,Biology,78.0,Chemistry,Bio Sciences,Bio Sciences
9,Biology,78.0,Chemistry,Bio Sciences,Bio Sciences
16,Biology,78.0,Chemistry,Bio Sciences,Bio Sciences
15,Biology,78.0,Chemistry,Bio Sciences,Bio Sciences
12,Biology,78.0,Chemistry,Bio Sciences,Bio Sciences
17,Biology,78.0,Chemistry,Bio Sciences,Bio Sciences
14,Biology,78.0,Chemistry,Bio Sciences,Bio Sciences
12,Biology,78.0,Chemistry,Bio Sciences,Bio Sciences
6,Biology,78.0,Chemistry,Bio Sciences,Bio Sciences
6,Biology,78.0,Chemistry,Bio Sciences,Bio Sciences
14,Biology,78.0,Chemistry,Bio Sciences,Bio Sciences
16,Biology,78.0,Chemistry,Bio Sciences,Bio Sciences
14,Biology,78.0,Chemistry,Bio Sciences,Bio Sciences
9,Biology,65.0,Computer Science,Psychology,Psychology
14,Biology,82.0,English,Psychology,Psychology
8,Biology,60.0,Mathematics,Civil Engineering,Civil Engineering
12,Arts,80.0,English,English,English
11,Biology,78.0,Physics,Computer Science,Business Administration
13,Biology,59.0,Mathematics,Civil Engineering,Civil Engineering
16,Biology,67.0,Computer Science,Account and Finance,Account and Finance
14,Arts,70.0,Mathematics,Computer Science,Computer Science
10,Computer,71.0,Mathematics,Software Engineering,Software Engineering
6,O Level,71.0,Finance / Accounting / Statistics,Account and Finance,Business Administration
8,Computer,80.0,English,Account and Finance,Account and Finance
15,Arts,85.0,Mathematics,Mathematics,Mathematics
17,Arts,76.0,Computer Science,Computer Science,Computer Science
13,Biology,80.0,Chemistry,Computer Science,Computer Science
16,Biology,69.0,Computer Science,Computer Science,Computer Science
11,Computer,85.0,Computer Science,Software Engineering,Software Engineering
13,Arts,90.0,English,English,Civil Engineering
14,O Level,77.0,Physics,Software Engineering,Software Engineering
9,Computer,78.0,Computer Science,Computer Science,Computer Science
6,Arts,67.0,Finance / Accounting / Statistics,English,English
6,Computer,88.0,Computer Science,Computer Science,Computer Science
15,Computer,80.0,Finance / Accounting / Statistics,Electrical Engineering,Electrical Engineering
9,Arts,88.0,English,English,English
17,Arts,82.0,English,English,English
12,Computer,90.0,Computer Science,Computer Science,Computer Science
7,Computer,60.0,Chemistry,Civil Engineering,Mechanical Engineering
8,Computer,69.0,Computer Science,Computer Science,Computer Science
6,O Level,74.0,Finance / Accounting / Statistics,Electrical Engineering,Mathematics
10,Biology,78.0,Biology,Bio Sciences,Bio Sciences
6,Biology,63.0,Mathematics,Civil Engineering,Civil Engineering
13,Computer,68.0,Physics,Mechanical Engineering,Mechanical Engineering
6,Biology,74.0,Chemistry,Mechanical Engineering,Mechanical Engineering
16,Biology,70.0,Biology,Psychology,Bio Sciences
6,Computer,59.0,Finance / Accounting / Statistics,Account and Finance,Account and Finance
7,O Level,99.0,Biology,Bio Sciences,Bio Sciences
7,Biology,82.0,Biology,Bio Sciences,Bio Sciences
17,Biology,82.0,Biology,Bio Sciences,Bio Sciences
11,Computer,79.0,Mathematics,Software Engineering,Software Engineering
12,Computer,80.0,English,Software Engineering,Bio Sciences
10,O Level,80.0,English,English,English
6,Computer,79.0,Mathematics,Software Engineering,Software Engineering
6,Computer,79.0,Mathematics,Software Engineering,Software Engineering
8,Computer,79.0,Mathematics,Software Engineering,Software Engineering
7,Computer,79.0,Mathematics,Software Engineering,Software Engineering
10,Computer,79.0,Mathematics,Software Engineering,Software Engineering
17,Computer,79.0,Mathematics,Software Engineering,Software Engineering
15,Computer,79.0,Mathematics,Software Engineering,Software Engineering
11,Computer,79.0,Mathematics,Software Engineering,Software Engineering
12,Computer,70.0,Chemistry,Mathematics,Electrical Engineering
9,Computer,80.0,Computer Science,Computer Science,Computer Science
12,O Level,60.0,Biology,Mathematics,Civil Engineering
16,Computer,70.0,Biology,Computer Science,Mathematics
13,Computer,70.0,Physics,Civil Engineering,Mathematics
16,Computer,80.0,Computer Science,Computer Science,Computer Science
6,Computer,80.0,Computer Science,Computer Science,Computer Science
11,Computer,80.0,Computer Science,Computer Science,Computer Science
13,Computer,80.0,Computer Science,Computer Science,Computer Science
10,Computer,80.0,Computer Science,Computer Science,Computer Science
9,Computer,80.0,Computer Science,Computer Science,Computer Science
7,Computer,80.0,Computer Science,Computer Science,Computer Science
11,Computer,80.0,Computer Science,Computer Science,Computer Science
11,Computer,80.0,Computer Science,Computer Science,Computer Science
16,Computer,80.0,Computer Science,Computer Science,Computer Science
6,Computer,80.0,Computer Science,Computer Science,Computer Science
14,Computer,80.0,Computer Science,Computer Science,Computer Science
17,Computer,80.0,Computer Science,Computer Science,Computer Science
16,Computer,79.0,Computer Science,Business Administration,Business Administration
11,Computer,80.0,Computer Science,Computer Science,Computer Science
8,Computer,80.0,Computer Science,Computer Science,Computer Science
9,Computer,80.0,Computer Science,Computer Science,Computer Science
17,Computer,80.0,Computer Science,Computer Science,Computer Science
16,Computer,80.0,Computer Science,Computer Science,Computer Science
9,Computer,80.0,Computer Science,Computer Science,Computer Science
8,Computer,80.0,Computer Science,Computer Science,Computer Science
15,Computer,80.0,Computer Science,Computer Science,Computer Science
8,Computer,80.0,Computer Science,Computer Science,Computer Science
8,Computer,80.0,Computer Science,Computer Science,Computer Science
9,Biology,89.0,Chemistry,Electrical Engineering,Business Administration
12,Biology,78.0,Biology,Bio Sciences,Bio Sciences
9,Computer,88.0,Mathematics,Mathematics,Mathematics
14,Computer,88.0,Chemistry,Mechanical Engineering,Mechanical Engineering
6,Computer,90.0,Chemistry,Electrical Engineering,Electrical Engineering
13,O Level,89.0,Finance / Accounting / Statistics,Civil Engineering,Civil Engineering
12,Computer,79.0,Finance / Accounting / Statistics,Account and Finance,Civil Engineering
7,Computer,90.0,Finance / Accounting / Statistics,Account and Finance,Account and Finance
13,Computer,80.0,Physics,Business Administration,Psychology
6,Arts,80.0,Computer Science,English,English
16,Biology,98.0,Physics,Psychology,Psychology
17,Biology,79.0,Physics,Psychology,Psychology
14,Computer,88.0,Computer Science,Software Engineering,Software Engineering
14,Computer,90.0,Computer Science,Computer Science,Computer Science
7,Computer,88.0,Mathematics,Software Engineering,Software Engineering
12,Biology,89.0,Biology,Bio Sciences,Bio Sciences
15,Computer,88.0,English,English,English
8,Computer,80.0,Biology,Bio Sciences,Bio Sciences
12,Computer,70.0,Physics,Psychology,Psychology
17,Computer,80.0,Computer Science,Mechanical Engineering,Mechanical Engineering
15,Biology,80.0,Biology,Bio Sciences,Bio Sciences
14,Biology,88.0,Biology,Electrical Engineering,Psychology
9,Computer,65.0,Finance / Accounting / Statistics,Business Administration,Business Administration
17,Biology,75.0,Computer Science,Computer Science,Computer Science
6,Arts,55.0,English,English,English
7,Computer,68.0,Mathematics,Account and Finance,Business Administration
6,Biology,83.0,Mathematics,Civil Engineering,Civil Engineering
17,Biology,47.0,Finance / Accounting / Statistics,Account and Finance,Account and Finance
10,Computer,80.0,Computer Science,Computer Science,Computer Science
10,Computer,55.0,Computer Science,Computer Science,Computer Science
16,Biology,60.0,Computer Science,Computer Science,Computer Science
12,Computer,87.0,Computer Science,Computer Science,Computer Science
14,Biology,55.0,Mathematics,Account and Finance,Account and Finance
14,Computer,59.0,Mathematics,Computer Science,Mechanical Engineering
8,Biology,70.0,Physics,Business Administration,Business Administration
8,Biology,70.0,Mathematics,Business Administration,Business Administration
8,Biology,94.5,Mathematics,Account and Finance,Account and Finance
9,O Level,85.0,Finance / Accounting / Statistics,Account and Finance,Account and Finance
13,Biology,70.0,Computer Science,Computer Science,Computer Science
11,Biology,90.0,Biology,Bio Sciences,Bio Sciences
13,Biology,90.0,Biology,Bio Sciences,Bio Sciences
6,Arts,88.0,Computer Science,Computer Science,Computer Science
13,Computer,90.0,Mathematics,Software Engineering,Software Engineering
9,Computer,90.0,Computer Science,Computer Science,Computer Science
16,Computer,90.0,Chemistry,Computer Science,Bio Sciences
6,Computer,90.0,Computer Science,Computer Science,Mechanical Engineering
13,Biology,90.0,Chemistry,Bio Sciences,Bio Sciences
9,Biology,90.0,Biology,Bio Sciences,Bio Sciences
11,Computer,90.0,Computer Science,Computer Science,Computer Science
13,Computer,88.0,Physics,Bio Sciences,Bio Sciences
9,Computer,90.0,English,English,English
8,Biology,80.0,Biology,Bio Sciences,Bio Sciences
14,Biology,90.0,Biology,Bio Sciences,Bio Sciences
8,Computer,79.0,Mathematics,Business Administration,Business Administration
14,Computer,90.0,Mathematics,Civil Engineering,Civil Engineering
7,Computer,90.0,Mathematics,Civil Engineering,Civil Engineering
7,Computer,90.0,Computer Science,Account and Finance,Account and Finance
7,Computer,90.0,Computer Science,Electrical Engineering,Electrical Engineering
11,Computer,90.0,Mathematics,Software Engineering,Software Engineering
8,Biology,90.0,Chemistry,Bio Sciences,Bio Sciences
14,Computer,89.0,Computer Science,Computer Science,Computer Science
9,Computer,99.0,Computer Science,Computer Science,Computer Science
6,Computer,98.0,Computer Science,Computer Science,Computer Science
9,Computer,72.0,Computer Science,Account and Finance,Business Administration
6,Biology,88.0,Biology,Bio Sciences,Bio Sciences
10,Biology,90.0,Biology,Bio Sciences,Bio Sciences
9,Biology,90.0,Biology,Bio Sciences,Bio Sciences
13,Biology,88.0,Biology,Bio Sciences,Bio Sciences
13,Biology,90.0,Biology,Bio Sciences,Bio Sciences
12,Biology,90.0,Biology,Bio Sciences,Bio Sciences
8,Computer,89.0,Computer Science,Civil Engineering,Civil Engineering
6,Computer,80.0,Computer Science,Computer Science,Computer Science
6,Computer,80.0,Computer Science,Software Engineering,Software Engineering
17,Biology,89.0,Biology,Bio Sciences,Bio Sciences
16,Computer,80.0,English,English,English
8,Computer,80.0,Computer Science,Account and Finance,Mechanical Engineering
11,Biology,90.0,Physics,Bio Sciences,Bio Sciences
12,Computer,80.0,Physics,Mathematics,Software Engineering
11,Computer,88.0,English,Account and Finance,Business Administration
11,Computer,90.0,Biology,Bio Sciences,Bio Sciences
11,Computer,80.0,Physics,Civil Engineering,Mechanical Engineering
8,Biology,70.0,Physics,Psychology,Mechanical Engineering
11,Computer,90.0,Mathematics,Software Engineering,Software Engineering
13,Computer,90.0,Mathematics,Computer Science,Computer Science
16,Computer,80.0,Mathematics,Computer Science,Computer Science
16,Computer,80.0,Computer Science,Computer Science,Computer Science
7,Biology,88.0,Biology,Bio Sciences,Bio Sciences
10,Biology,76.0,Mathematics,Account and Finance,Account and Finance
6,Biology,88.0,Biology,Bio Sciences,Bio Sciences
17,Computer,88.0,English,English,English
6,Biology,88.0,Biology,Bio Sciences,Bio Sciences
10,Computer,79.0,Finance / Accounting / Statistics,Business Administration,Business Administration
17,Computer,88.0,Physics,Psychology,Psychology
8,Computer,88.0,Physics,Bio Sciences,Business Administration
9,Computer,88.0,English,English,English
8,Biology,98.0,Chemistry,Software Engineering,Psychology
6,Computer,78.0,Computer Science,Computer Science,Computer Science
6,Computer,88.0,Mathematics,Mathematics,Mathematics
17,Computer,96.0,Mathematics,Bio Sciences,Bio Sciences
17,Computer,88.0,Chemistry,Bio Sciences,Bio Sciences
10,Biology,88.0,Biology,Bio Sciences,Bio Sciences
11,Biology,88.0,Biology,Bio Sciences,Bio Sciences
8,Computer,77.0,Computer Science,Computer Science,Computer Science
17,Computer,88.0,Computer Science,Computer Science,Computer Science
14,Arts,80.0,English,English,English
10,Computer,88.0,Mathematics,Computer Science,Computer Science
13,Computer,80.0,Computer Science,Computer Science,Computer Science
6,Biology,77.0,Computer Science,Computer Science,Computer Science
10,Biology,90.0,Biology,Bio Sciences,Bio Sciences
8,Arts,60.0,English,English,English
17,Computer,88.0,Computer Science,Computer Science,Computer Science
6,Biology,70.0,Biology,Bio Sciences,Bio Sciences
9,Biology,72.0,Biology,Business Administration,Business Administration
10,Computer,78.0,Mathematics,Mechanical Engineering,Mechanical Engineering
12,Computer,89.0,Computer Science,Software Engineering,Computer Science
6,Biology,88.0,Biology,Bio Sciences,Bio Sciences
8,Biology,63.0,Computer Science,Civil Engineering,Civil Engineering
7,Biology,80.0,Chemistry,Bio Sciences,Bio Sciences
14,Computer,79.0,English,English,English
15,Biology,80.0,Chemistry,Bio Sciences,Bio Sciences
11,Computer,89.0,Physics,Psychology,Psychology
15,Computer,97.0,Computer Science,Computer Science,Computer Science
8,Computer,80.0,Computer Science,Computer Science,Computer Science
13,Computer,79.0,Computer Science,Civil Engineering,Civil Engineering
13,Arts,80.0,English,English,English
7,Computer,77.0,Computer Science,Business Administration,Business Administration
11,Computer,79.0,Computer Science,Business Administration,Business Administration
12,Computer,84.0,Computer Science,Electrical Engineering,Electrical Engineering
7,Biology,94.0,English,Bio Sciences,Bio Sciences
16,Biology,94.0,Biology,Bio Sciences,Bio Sciences
15,Biology,87.9,English,Bio Sciences,Bio Sciences
7,Biology,82.0,Biology,Business Administration,Bio Sciences
15,Biology,82.0,Biology,Business Administration,Bio Sciences
6,Biology,82.0,Biology,Business Administration,Bio Sciences
13,Arts,66.0,English,English,English
6,Computer,92.0,Chemistry,Business Administration,Business Administration
14,Biology,80.0,Biology,Bio Sciences,Bio Sciences
16,Biology,84.0,Biology,Bio Sciences,Bio Sciences
11,Computer,80.0,Chemistry,Mathematics,Electrical Engineering
12,Computer,80.0,Chemistry,Electrical Engineering,Civil Engineering
15,Computer,88.0,Chemistry,Civil Engineering,Civil Engineering
12,Biology,80.0,Biology,Bio Sciences,Bio Sciences
15,Computer,70.0,Finance / Accounting / Statistics,Account and Finance,Mathematics
8,Computer,80.0,English,Computer Science,Computer Science
7,Computer,80.0,Biology,Bio Sciences,Bio Sciences
14,Biology,80.0,English,Mechanical Engineering,Electrical Engineering
13,Biology,80.0,Computer Science,Computer Science,Computer Science
17,Biology,80.0,Physics,Psychology,Psychology
15,Biology,80.0,Physics,Bio Sciences,Bio Sciences
12,Computer,80.0,Physics,Psychology,Psychology
14,Computer,80.0,Biology,Bio Sciences,Bio Sciences
9,Computer,80.0,English,Civil Engineering,Software Engineering
9,Biology,80.0,Mathematics,Software Engineering,Software Engineering
6,Computer,80.0,Biology,Mathematics,Mechanical Engineering
13,Computer,80.0,Mathematics,Mechanical Engineering,Computer Science
17,O Level,80.0,Biology,Electrical Engineering,Electrical Engineering
8,Computer,78.0,Mathematics,Computer Science,Computer Science
12,Biology,80.0,Biology,Bio Sciences,Bio Sciences
17,Biology,80.0,Chemistry,Mathematics,Electrical Engineering
7,Computer,80.0,Chemistry,Mathematics,Mechanical Engineering
7,Biology,78.0,Biology,Bio Sciences,Bio Sciences
12,Computer,70.0,English,Account and Finance,Electrical Engineering
11,Biology,80.0,Biology,Bio Sciences,Bio Sciences
8,Computer,70.0,Computer Science,Computer Science,Computer Science
14,O Level,80.0,Mathematics,Software Engineering,Software Engineering
15,O Level,78.0,Finance / Accounting / Statistics,Business Administration,Account and Finance
11,Biology,80.0,Biology,Bio Sciences,Bio Sciences
15,Arts,70.0,English,English,English
15,Biology,80.0,English,Bio Sciences,Bio Sciences
11,O Level,80.0,Finance / Accounting / Statistics,Business Administration,Business Administration
6,Biology,70.0,Physics,Psychology,Psychology
9,Biology,78.0,Computer Science,Computer Science,Computer Science
15,Biology,80.0,English,English,English
11,Biology,78.0,Biology,Bio Sciences,Bio Sciences
11,Computer,78.0,Computer Science,Computer Science,Computer Science
16,Biology,89.0,English,Mathematics,Mathematics
17,Biology,78.0,Computer Science,Computer Science,Computer Science
10,O Level,80.0,Chemistry,Mathematics,Mathematics
6,Computer,80.0,Finance / Accounting / Statistics,Civil Engineering,Software Engineering
13,Biology,78.0,Computer Science,Computer Science,Computer Science
10,Biology,80.0,Biology,Bio Sciences,Mathematics
17,Computer,80.0,Biology,Mathematics,Civil Engineering
17,Biology,78.0,Computer Science,Mechanical Engineering,Electrical Engineering
17,Biology,80.0,Physics,Electrical Engineering,Software Engineering
10,Computer,80.0,Chemistry,Computer Science,Computer Science
12,Computer,78.0,Computer Science,Computer Science,Computer Science
9,Biology,80.0,English,English,English
11,Biology,80.0,English,English,Psychology
9,Arts,78.0,English,Bio Sciences,English
8,Arts,80.0,Physics,Mechanical Engineering,Software Engineering
12,Arts,80.0,Finance / Accounting / Statistics,Mathematics,Bio Sciences
13,Computer,78.0,Computer Science,Computer Science,Computer Science
9,Biology,80.0,English,Bio Sciences,Civil Engineering
7,Biology,78.0,English,Computer Science,Electrical Engineering
17,Computer,78.0,English,Bio Sciences,Computer Science
15,Biology,78.0,English,Computer Science,Computer Science
8,Biology,78.0,Computer Science,Computer Science,Account and Finance
6,Biology,78.0,Biology,Computer Science,Bio Sciences
13,Computer,89.0,Computer Science,Computer Science,Computer Science
8,Biology,78.0,Computer Science,Computer Science,Civil Engineering
17,Biology,70.0,Biology,Bio Sciences,Bio Sciences
15,Computer,78.0,Computer Science,Computer Science,Computer Science
12,Biology,85.0,Biology,Bio Sciences,Bio Sciences
15,Biology,78.0,English,Electrical Engineering,Mathematics
10,Biology,83.0,Biology,Bio Sciences,Bio Sciences
15,Computer,81.0,Computer Science,Software Engineering,Software Engineering
10,Biology,80.0,Physics,Electrical Engineering,Electrical Engineering
12,Computer,59.0,Finance / Accounting / Statistics,Account and Finance,Account and Finance
14,Biology,60.0,English,English,English
17,Computer,59.0,Finance / Accounting / Statistics,Account and Finance,Account and Finance
10,Computer,59.0,Finance / Accounting / Statistics,Account and Finance,Account and Finance
6,Biology,45.0,Biology,Bio Sciences,Bio Sciences
15,Computer,59.0,Finance / Accounting / Statistics,Account and Finance,Account and Finance
15,Computer,59.0,Finance / Accounting / Statistics,Account and Finance,Account and Finance
6,Computer,59.0,Finance / Accounting / Statistics,Account and Finance,Account and Finance
7,Computer,59.0,Finance / Accounting / Statistics,Account and Finance,Account and Finance
11,Computer,59.0,Finance / Accounting / Statistics,Account and Finance,Account and Finance
14,Computer,59.0,Finance / Accounting / Statistics,Account and Finance,Account and Finance
13,Computer,59.0,Finance / Accounting / Statistics,Account and Finance,Account and Finance
10,Computer,59.0,Finance / Accounting / Statistics,Account and Finance,Account and Finance
6,Computer,59.0,Finance / Accounting / Statistics,Account and Finance,Account and Finance
12,Computer,59.0,Finance / Accounting / Statistics,Account and Finance,Account and Finance
10,Computer,59.0,Finance / Accounting / Statistics,Account and Finance,Account and Finance
11,Computer,59.0,Finance / Accounting / Statistics,Account and Finance,Account and Finance
12,Computer,59.0,Finance / Accounting / Statistics,Account and Finance,Account and Finance
8,Computer,59.0,Finance / Accounting / Statistics,Account and Finance,Account and Finance
17,Computer,59.0,Finance / Accounting / Statistics,Account and Finance,Account and Finance
15,Computer,59.0,Finance / Accounting / Statistics,Account and Finance,Account and Finance
8,Computer,59.0,Finance / Accounting / Statistics,Account and Finance,Account and Finance
10,Computer,59.0,Finance / Accounting / Statistics,Account and Finance,Account and Finance
11,Biology,74.0,Finance / Accounting / Statistics,Account and Finance,Account and Finance
14,Computer,59.0,Finance / Accounting / Statistics,Account and Finance,Account and Finance
17,Computer,59.0,Finance / Accounting / Statistics,Account and Finance,Account and Finance
10,Computer,59.0,Finance / Accounting / Statistics,Account and Finance,Account and Finance
6,Computer,59.0,Finance / Accounting / Statistics,Account and Finance,Account and Finance
9,Computer,59.0,Finance / Accounting / Statistics,Account and Finance,Account and Finance
10,Computer,59.0,Finance / Accounting / Statistics,Account and Finance,Account and Finance
17,Computer,59.0,Finance / Accounting / Statistics,Account and Finance,Account and Finance
15,Computer,59.0,Finance / Accounting / Statistics,Account and Finance,Account and Finance
15,Computer,59.0,Finance / Accounting / Statistics,Account and Finance,Account and Finance
10,Computer,59.0,Finance / Accounting / Statistics,Account and Finance,Account and Finance
12,Computer,59.0,Finance / Accounting / Statistics,Account and Finance,Account and Finance
9,Computer,78.0,Computer Science,Computer Science,Computer Science
6,Computer,59.0,Finance / Accounting / Statistics,Account and Finance,Account and Finance
10,Computer,59.0,Finance / Accounting / Statistics,Account and Finance,Account and Finance
12,Computer,80.0,Computer Science,Computer Science,Computer Science
15,Computer,80.0,Computer Science,Computer Science,Computer Science
15,Computer,80.0,Computer Science,Computer Science,Computer Science
11,Computer,59.0,Finance / Accounting / Statistics,Account and Finance,Account and Finance
10,Computer,59.0,Finance / Accounting / Statistics,Account and Finance,Account and Finance
9,Computer,59.0,Finance / Accounting / Statistics,Account and Finance,Account and Finance
7,Computer,59.0,Finance / Accounting / Statistics,Account and Finance,Account and Finance
9,Computer,80.0,Computer Science,Computer Science,Computer Science
15,Computer,80.0,Computer Science,Computer Science,Computer Science
15,Arts,89.0,English,Business Administration,English
8,Computer,59.0,Finance / Accounting / Statistics,Account and Finance,Account and Finance
15,Computer,59.0,Finance / Accounting / Statistics,Account and Finance,Account and Finance
6,Computer,59.0,Finance / Accounting / Statistics,Account and Finance,Account and Finance
13,Computer,59.0,Finance / Accounting / Statistics,Account and Finance,Account and Finance
10,Computer,59.0,Finance / Accounting / Statistics,Account and Finance,Account and Finance
9,Computer,59.0,Finance / Accounting / Statistics,Account and Finance,Account and Finance
13,Computer,59.0,Finance / Accounting / Statistics,Account and Finance,Account and Finance
12,Computer,80.0,Computer Science,Computer Science,Computer Science
7,Computer,59.0,Finance / Accounting / Statistics,Account and Finance,Account and Finance
6,Computer,59.0,Finance / Accounting / Statistics,Account and Finance,Account and Finance
17,Computer,59.0,Finance / Accounting / Statistics,Account and Finance,Account and Finance
16,Computer,59.0,Finance / Accounting / Statistics,Account and Finance,Account and Finance
9,Computer,59.0,Finance / Accounting / Statistics,Account and Finance,Account and Finance
13,Computer,59.0,Finance / Accounting / Statistics,Account and Finance,Account and Finance
17,Computer,59.0,Finance / Accounting / Statistics,Account and Finance,Account and Finance
7,Computer,59.0,Finance / Accounting / Statistics,Account and Finance,Account and Finance
8,Computer,59.0,Finance / Accounting / Statistics,Account and Finance,Account and Finance
17,Computer,59.0,Finance / Accounting / Statistics,Account and Finance,Account and Finance
6,Computer,59.0,Finance / Accounting / Statistics,Account and Finance,Account and Finance
6,Computer,56.0,Finance / Accounting / Statistics,Business Administration,Business Administration
8,Computer,59.0,Finance / Accounting / Statistics,Account and Finance,Account and Finance
16,Computer,59.0,Finance / Accounting / Statistics,Account and Finance,Account and Finance
10,Computer,59.0,Finance / Accounting / Statistics,Account and Finance,Account and Finance
17,Computer,59.0,Finance / Accounting / Statistics,Account and Finance,Account and Finance
8,Computer,59.0,Finance / Accounting / Statistics,Account and Finance,Account and Finance
6,Computer,59.0,Finance / Accounting / Statistics,Account and Finance,Account and Finance
6,Computer,59.0,Finance / Accounting / Statistics,Account and Finance,Account and Finance
13,Computer,59.0,Finance / Accounting / Statistics,Account and Finance,Account and Finance
15,Computer,59.0,Finance / Accounting / Statistics,Account and Finance,Account and Finance
16,Computer,59.0,Finance / Accounting / Statistics,Account and Finance,Account and Finance
17,Computer,59.0,Finance / Accounting / Statistics,Account and Finance,Account and Finance
17,Computer,59.0,Finance / Accounting / Statistics,Account and Finance,Account and Finance
7,Computer,59.0,Finance / Accounting / Statistics,Account and Finance,Account and Finance
8,Computer,59.0,Finance / Accounting / Statistics,Account and Finance,Account and Finance
7,Computer,59.0,Finance / Accounting / Statistics,Account and Finance,Account and Finance
8,Computer,59.0,Finance / Accounting / Statistics,Account and Finance,Account and Finance
12,Computer,59.0,Finance / Accounting / Statistics,Account and Finance,Account and Finance
6,Computer,59.0,Finance / Accounting / Statistics,Account and Finance,Account and Finance
15,Computer,59.0,Finance / Accounting / Statistics,Account and Finance,Account and Finance
13,Computer,59.0,Finance / Accounting / Statistics,Account and Finance,Account and Finance
15,Computer,59.0,Finance / Accounting / Statistics,Account and Finance,Account and Finance
15,Computer,59.0,Finance / Accounting / Statistics,Account and Finance,Account and Finance
15,Computer,59.0,Finance / Accounting / Statistics,Account and Finance,Account and Finance
7,Computer,59.0,Finance / Accounting / Statistics,Account and Finance,Account and Finance
8,Computer,59.0,Finance / Accounting / Statistics,Account and Finance,Account and Finance
14,Computer,59.0,Finance / Accounting / Statistics,Account and Finance,Account and Finance
12,Computer,59.0,Finance / Accounting / Statistics,Account and Finance,Account and Finance
9,Computer,59.0,Finance / Accounting / Statistics,Account and Finance,Account and Finance
15,Computer,59.0,Finance / Accounting / Statistics,Account and Finance,Account and Finance
10,Computer,59.0,Finance / Accounting / Statistics,Account and Finance,Account and Finance
7,Computer,59.0,Finance / Accounting / Statistics,Account and Finance,Account and Finance
16,Computer,59.0,Finance / Accounting / Statistics,Account and Finance,Account and Finance
13,Computer,59.0,Finance / Accounting / Statistics,Account and Finance,Account and Finance
9,Computer,91.0,Computer Science,Computer Science,Computer Science
14,Computer,59.0,Finance / Accounting / Statistics,Account and Finance,Account and Finance
10,Computer,59.0,Finance / Accounting / Statistics,Account and Finance,Account and Finance
14,Computer,59.0,Finance / Accounting / Statistics,Account and Finance,Account and Finance
9,Computer,59.0,Finance / Accounting / Statistics,Account and Finance,Account and Finance
15,Computer,59.0,Finance / Accounting / Statistics,Account and Finance,Account and Finance
10,Computer,59.0,Finance / Accounting / Statistics,Account and Finance,Account and Finance
14,Computer,59.0,Finance / Accounting / Statistics,Account and Finance,Account and Finance
13,Computer,59.0,Finance / Accounting / Statistics,Account and Finance,Account and Finance
8,Computer,59.0,Finance / Accounting / Statistics,Account and Finance,Account and Finance
6,Computer,59.0,Finance / Accounting / Statistics,Account and Finance,Account and Finance
8,Computer,59.0,Finance / Accounting / Statistics,Account and Finance,Account and Finance
9,Computer,59.0,Finance / Accounting / Statistics,Account and Finance,Account and Finance
7,Computer,59.0,Finance / Accounting / Statistics,Account and Finance,Account and Finance
6,Computer,59.0,Finance / Accounting / Statistics,Account and Finance,Account and Finance
12,Computer,59.0,Finance / Accounting / Statistics,Account and Finance,Account and Finance
13,Computer,59.0,Finance / Accounting / Statistics,Account and Finance,Account and Finance
12,Computer,59.0,Finance / Accounting / Statistics,Account and Finance,Account and Finance
10,Computer,59.0,Finance / Accounting / Statistics,Account and Finance,Account and Finance
17,Arts,97.0,Chemistry,Mechanical Engineering,Software Engineering
6,Computer,59.0,Finance / Accounting / Statistics,Account and Finance,Account and Finance
12,Arts,57.0,English,Mathematics,Civil Engineering
12,Computer,59.0,Finance / Accounting / Statistics,Account and Finance,Account and Finance
14,Computer,52.0,English,Psychology,Mathematics
8,Arts,68.0,Physics,Account and Finance,Mathematics
14,Computer,59.0,Finance / Accounting / Statistics,Account and Finance,Account and Finance
6,Computer,78.0,Chemistry,Account and Finance,Mathematics
6,Arts,78.0,Finance / Accounting / Statistics,Psychology,Bio Sciences
9,Computer,68.0,English,Computer Science,Computer Science
14,Computer,59.0,Finance / Accounting / Statistics,Account and Finance,Account and Finance
11,O Level,89.0,Physics,Account and Finance,Civil Engineering
16,O Level,89.0,Physics,Psychology,Civil Engineering
8,Computer,56.0,English,Bio Sciences,Bio Sciences
6,Computer,75.0,Computer Science,Psychology,Account and Finance
9,Computer,59.0,Finance / Accounting / Statistics,Account and Finance,Account and Finance
17,Arts,97.0,Finance / Accounting / Statistics,Mechanical Engineering,Software Engineering
14,Arts,75.0,Finance / Accounting / Statistics,English,Psychology
8,Computer,59.0,Finance / Accounting / Statistics,Account and Finance,Account and Finance
17,Computer,47.0,Computer Science,Electrical Engineering,Civil Engineering
14,Computer,78.0,Chemistry,Business Administration,Psychology
12,Arts,99.0,English,Psychology,Psychology
17,O Level,89.0,Physics,Mechanical Engineering,Electrical Engineering
9,Biology,86.0,Computer Science,Mechanical Engineering,Civil Engineering
8,O Level,67.0,English,English,Business Administration
15,Computer,68.0,Biology,English,Mechanical Engineering
10,Computer,59.0,Finance / Accounting / Statistics,Account and Finance,Account and Finance
10,O Level,96.0,Physics,English,Software Engineering
8,Computer,59.0,Finance / Accounting / Statistics,Account and Finance,Account and Finance
17,Computer,97.0,Chemistry,Business Administration,Electrical Engineering
14,O Level,79.0,English,Electrical Engineering,Mathematics
9,Computer,59.0,Finance / Accounting / Statistics,Account and Finance,Account and Finance
16,Computer,57.0,Chemistry,Civil Engineering,Electrical Engineering
10,Computer,59.0,Finance / Accounting / Statistics,Account and Finance,Account and Finance
9,Computer,89.0,English,Psychology,Mathematics
10,Computer,59.0,Finance / Accounting / Statistics,Account and Finance,Account and Finance
12,Computer,99.0,Chemistry,Software Engineering,Software Engineering
14,Computer,59.0,Finance / Accounting / Statistics,Account and Finance,Account and Finance
12,Computer,79.0,Biology,Electrical Engineering,Account and Finance
10,Computer,59.0,Finance / Accounting / Statistics,Account and Finance,Account and Finance
15,Computer,59.0,Finance / Accounting / Statistics,Account and Finance,Account and Finance
15,Computer,68.0,English,Computer Science,Psychology
12,Computer,59.0,Finance / Accounting / Statistics,Account and Finance,Account and Finance
15,O Level,57.0,Physics,Psychology,English
10,Computer,59.0,Finance / Accounting / Statistics,Account and Finance,Account and Finance
8,Biology,58.0,Biology,Computer Science,Business Administration
12,Computer,59.0,Finance / Accounting / Statistics,Account and Finance,Account and Finance
16,O Level,59.0,Chemistry,Account and Finance,Computer Science
16,Computer,59.0,Finance / Accounting / Statistics,Account and Finance,Account and Finance
7,O Level,67.0,Mathematics,Mathematics,English
17,Computer,96.0,Finance / Accounting / Statistics,English,Psychology
14,Computer,68.0,Chemistry,Psychology,Mechanical Engineering
15,O Level,58.0,Finance / Accounting / Statistics,Psychology,Civil Engineering
15,Arts,95.0,Physics,Computer Science,Computer Science
17,O Level,58.0,Chemistry,Civil Engineering,Account and Finance
6,O Level,58.0,English,Mechanical Engineering,Psychology
11,Arts,91.0,Physics,Psychology,Computer Science
12,Computer,58.0,Finance / Accounting / Statistics,English,Psychology
13,Computer,95.0,Finance / Accounting / Statistics,Bio Sciences,Psychology
15,Biology,85.0,Biology,Mathematics,Electrical Engineering
14,Computer,59.0,Finance / Accounting / Statistics,Account and Finance,Account and Finance
7,Computer,75.0,Finance / Accounting / Statistics,Software Engineering,Computer Science
16,Computer,95.0,Mathematics,Computer Science,Account and Finance
15,Computer,58.0,Mathematics,Mathematics,Software Engineering
7,Biology,95.0,Finance / Accounting / Statistics,Computer Science,Computer Science
10,Computer,59.0,Finance / Accounting / Statistics,Account and Finance,Account and Finance
10,Computer,85.0,Chemistry,Computer Science,Electrical Engineering
11,Biology,99.0,Computer Science,Computer Science,Computer Science
8,O Level,77.0,Physics,Civil Engineering,Civil Engineering
13,O Level,94.0,Computer Science,Civil Engineering,Software Engineering
6,Computer,59.0,Finance / Accounting / Statistics,Account and Finance,Business Administration
11,Computer,59.0,Finance / Accounting / Statistics,Account and Finance,Account and Finance
9,Computer,59.0,Finance / Accounting / Statistics,Account and Finance,Account and Finance
6,Computer,59.0,Finance / Accounting / Statistics,Account and Finance,Account and Finance
12,Computer,80.0,Computer Science,Computer Science,Computer Science
14,Computer,59.0,Finance / Accounting / Statistics,Account and Finance,Account and Finance
9,Computer,80.0,Computer Science,Computer Science,Computer Science
9,Computer,59.0,Finance / Accounting / Statistics,Account and Finance,Account and Finance
11,Computer,59.0,Finance / Accounting / Statistics,Account and Finance,Account and Finance
17,Computer,59.0,Finance / Accounting / Statistics,Account and Finance,Account and Finance
8,Computer,59.0,Finance / Accounting / Statistics,Account and Finance,Account and Finance
17,Computer,59.0,Finance / Accounting / Statistics,Account and Finance,Account and Finance
11,Computer,59.0,Finance / Accounting / Statistics,Account and Finance,Account and Finance
12,Computer,80.0,Computer Science,Computer Science,Computer Science
16,Computer,80.0,Computer Science,Computer Science,Computer Science
15,Computer,59.0,Finance / Accounting / Statistics,Account and Finance,Account and Finance
15,Computer,80.0,Computer Science,Computer Science,Computer Science
8,Computer,59.0,Finance / Accounting / Statistics,Account and Finance,Account and Finance
12,Computer,80.0,Computer Science,Computer Science,Computer Science
8,Computer,59.0,Finance / Accounting / Statistics,Account and Finance,Account and Finance
7,Computer,59.0,Finance / Accounting / Statistics,Account and Finance,Account and Finance
17,Computer,59.0,Finance / Accounting / Statistics,Account and Finance,Account and Finance
15,Computer,59.0,Finance / Accounting / Statistics,Account and Finance,Account and Finance
9,Computer,59.0,Finance / Accounting / Statistics,Account and Finance,Business Administration
17,Computer,59.0,Finance / Accounting / Statistics,Account and Finance,Account and Finance
13,Computer,59.0,Finance / Accounting / Statistics,Account and Finance,Account and Finance
14,Computer,59.0,Finance / Accounting / Statistics,Account and Finance,Account and Finance
12,Computer,59.0,Finance / Accounting / Statistics,Account and Finance,Account and Finance
6,Computer,59.0,Finance / Accounting / Statistics,Account and Finance,Account and Finance
8,Computer,59.0,Finance / Accounting / Statistics,Account and Finance,Account and Finance
17,Computer,59.0,Finance / Accounting / Statistics,Account and Finance,Account and Finance
14,Computer,59.0,Finance / Accounting / Statistics,Account and Finance,Account and Finance
17,Computer,59.0,Finance / Accounting / Statistics,Account and Finance,Account and Finance
6,Computer,59.0,Finance / Accounting / Statistics,Account and Finance,Account and Finance
14,Computer,59.0,Finance / Accounting / Statistics,Account and Finance,Account and Finance
13,Computer,59.0,Finance / Accounting / Statistics,Account and Finance,Account and Finance
6,Computer,59.0,Finance / Accounting / Statistics,Account and Finance,Account and Finance
11,Computer,59.0,Finance / Accounting / Statistics,Account and Finance,Account and Finance
10,Computer,59.0,Finance / Accounting / Statistics,Account and Finance,Account and Finance
11,Computer,59.0,Finance / Accounting / Statistics,Account and Finance,Account and Finance
15,Computer,59.0,Finance / Accounting / Statistics,Account and Finance,Account and Finance
17,Computer,59.0,Finance / Accounting / Statistics,Account and Finance,Account and Finance
10,Computer,59.0,Finance / Accounting / Statistics,Account and Finance,Account and Finance
11,Computer,59.0,Finance / Accounting / Statistics,Account and Finance,Account and Finance
10,Computer,59.0,Finance / Accounting / Statistics,Account and Finance,Account and Finance
16,Computer,59.0,Finance / Accounting / Statistics,Account and Finance,Account and Finance
17,Computer,59.0,Finance / Accounting / Statistics,Account and Finance,Account and Finance
10,Biology,79.0,Chemistry,Computer Science,Bio Sciences
9,Computer,59.0,Finance / Accounting / Statistics,Account and Finance,Account and Finance
8,Computer,59.0,Finance / Accounting / Statistics,Account and Finance,Account and Finance
8,Computer,59.0,Finance / Accounting / Statistics,Account and Finance,Account and Finance
9,Biology,57.0,Computer Science,Electrical Engineering,Civil Engineering
14,Biology,79.0,Mathematics,Civil Engineering,Business Administration
7,Biology,89.0,Physics,Computer Science,Account and Finance
14,Computer,95.0,English,English,Psychology
6,Biology,93.0,Biology,Psychology,Mathematics
6,Biology,63.0,English,Bio Sciences,Mathematics
10,Biology,85.0,Physics,Electrical Engineering,Civil Engineering
11,Biology,96.0,Biology,Civil Engineering,Business Administration
11,Biology,74.0,English,Mechanical Engineering,Software Engineering
8,Computer,85.0,Computer Science,Computer Science,Civil Engineering
12,Biology,94.0,Chemistry,Mechanical Engineering,English
14,Arts,96.0,Finance / Accounting / Statistics,Civil Engineering,Civil Engineering
16,Biology,78.0,English,Mathematics,Psychology
17,Biology,97.0,Physics,Electrical Engineering,Account and Finance
15,Biology,85.0,Mathematics,Computer Science,Software Engineering
13,Computer,87.0,Finance / Accounting / Statistics,Civil Engineering,Computer Science
11,Computer,78.0,English,Bio Sciences,Mathematics
17,Biology,96.0,Computer Science,Computer Science,Mechanical Engineering
13,Computer,79.0,Finance / Accounting / Statistics,Software Engineering,Psychology
17,Computer,97.0,Biology,Mechanical Engineering,Business Administration
10,Biology,68.0,Mathematics,Account and Finance,Mechanical Engineering
13,Computer,94.0,Finance / Accounting / Statistics,Computer Science,Mathematics
15,Computer,88.0,English,Bio Sciences,Account and Finance
17,Biology,68.0,English,Mechanical Engineering,Bio Sciences
9,O Level,97.0,Computer Science,Business Administration,Business Administration
15,Computer,79.0,English,Civil Engineering,Account and Finance
13,O Level,74.0,Finance / Accounting / Statistics,Electrical Engineering,Mechanical Engineering
15,Biology,65.0,Finance / Accounting / Statistics,Civil Engineering,Software Engineering
17,Computer,96.0,Biology,Electrical Engineering,Computer Science
7,Computer,55.0,Mathematics,Civil Engineering,Bio Sciences
17,Computer,96.0,Chemistry,Psychology,Software Engineering
17,Computer,85.0,Physics,Account and Finance,Computer Science
10,Biology,93.0,English,Software Engineering,Software Engineering
14,Computer,93.0,English,Psychology,Computer Science
9,Computer,68.0,English,Electrical Engineering,Civil Engineering
16,Arts,79.0,English,Electrical Engineering,Electrical Engineering
11,Computer,58.0,Chemistry,Civil Engineering,Psychology
6,Arts,57.0,Physics,Civil Engineering,Electrical Engineering
14,Computer,58.0,English,Civil Engineering,Electrical Engineering
6,Biology,85.0,English,Mathematics,Electrical Engineering
10,Biology,89.0,Physics,Mathematics,Computer Science
9,Biology,79.0,Computer Science,Mechanical Engineering,Psychology
17,Computer,79.0,Finance / Accounting / Statistics,English,Mathematics
8,Computer,90.0,Mathematics,Computer Science,Electrical Engineering
11,Biology,77.0,English,English,English
7,Computer,80.0,Biology,Bio Sciences,Bio Sciences
8,Biology,80.0,Biology,Bio Sciences,Bio Sciences
10,Computer,80.0,Computer Science,Computer Science,Computer Science
14,Computer,80.0,Computer Science,Computer Science,Computer Science
7,Biology,80.0,Biology,Bio Sciences,Bio Sciences
15,Computer,80.0,Computer Science,Computer Science,Computer Science
13,Computer,80.0,Chemistry,Software Engineering,Software Engineering
7,Biology,80.0,Chemistry,Psychology,Psychology
16,Computer,80.0,Physics,Psychology,Psychology
10,Computer,80.0,Mathematics,Mathematics,Mathematics
12,Biology,80.0,Physics,Psychology,Psychology
13,Biology,80.0,Biology,Bio Sciences,Bio Sciences
6,Computer,80.0,Computer Science,Computer Science,Computer Science
11,Computer,80.0,Finance / Accounting / Statistics,Business Administration,Business Administration
6,O Level,80.0,English,English,English
7,Biology,80.0,English,English,English
6,Biology,80.0,Chemistry,Bio Sciences,Bio Sciences
16,Computer,80.0,Chemistry,Civil Engineering,Civil Engineering
10,Computer,80.0,Computer Science,Electrical Engineering,Electrical Engineering
15,Biology,80.0,Biology,Bio Sciences,Bio Sciences
14,Biology,80.0,Biology,Bio Sciences,Bio Sciences
11,Biology,80.0,Biology,Bio Sciences,Bio Sciences
16,Computer,80.0,Computer Science,Computer Science,Computer Science
16,Computer,88.0,Computer Science,Computer Science,Computer Science
6,Computer,80.0,Computer Science,Computer Science,Computer Science
6,Computer,80.0,Computer Science,Computer Science,Computer Science
7,Computer,80.0,Computer Science,Computer Science,Computer Science
14,Computer,80.0,Computer Science,Computer Science,Computer Science
8,Computer,80.0,Chemistry,Software Engineering,Software Engineering
6,Computer,80.0,Chemistry,Software Engineering,Software Engineering
10,Computer,80.0,Chemistry,Software Engineering,Software Engineering
12,Computer,80.0,Chemistry,Software Engineering,Software Engineering
11,Computer,80.0,Chemistry,Software Engineering,Software Engineering
17,Computer,80.0,Chemistry,Software Engineering,Software Engineering
6,Computer,80.0,Chemistry,Software Engineering,Software Engineering
10,Computer,80.0,Mathematics,Mathematics,Mathematics
10,Computer,80.0,Mathematics,Mathematics,Mathematics
11,Computer,80.0,Mathematics,Mathematics,Mathematics
8,Computer,80.0,Mathematics,Mathematics,Mathematics
10,Computer,80.0,Mathematics,Mathematics,Mechanical Engineering
12,Computer,80.0,Mathematics,Mathematics,Mathematics
10,Computer,80.0,Mathematics,Mathematics,Mathematics
10,O Level,80.0,English,English,English
10,O Level,80.0,English,English,English
15,O Level,80.0,English,English,English
15,O Level,80.0,English,English,English
8,O Level,80.0,English,English,English
6,O Level,80.0,English,English,English
10,O Level,80.0,English,English,English
14,Computer,80.0,Finance / Accounting / Statistics,Account and Finance,Account and Finance
6,Computer,80.0,Finance / Accounting / Statistics,Account and Finance,Account and Finance
8,Computer,80.0,Finance / Accounting / Statistics,Account and Finance,Account and Finance
9,Computer,80.0,Finance / Accounting / Statistics,Account and Finance,Account and Finance
6,Computer,80.0,Finance / Accounting / Statistics,Account and Finance,Account and Finance
6,Computer,80.0,Finance / Accounting / Statistics,Account and Finance,Account and Finance
13,Computer,80.0,Computer Science,Mechanical Engineering,Mechanical Engineering
7,Computer,80.0,Computer Science,Mechanical Engineering,Mechanical Engineering
17,Computer,80.0,Computer Science,Mechanical Engineering,Mechanical Engineering
13,Computer,80.0,Computer Science,Mechanical Engineering,Mechanical Engineering
12,Computer,80.0,Computer Science,Mechanical Engineering,Mechanical Engineering
15,Computer,80.0,Computer Science,Mechanical Engineering,Mechanical Engineering
15,Computer,80.0,Biology,Electrical Engineering,Electrical Engineering
7,Biology,80.0,Biology,Bio Sciences,Bio Sciences
11,Biology,80.0,Biology,Bio Sciences,Bio Sciences
11,Biology,80.0,Biology,Bio Sciences,Bio Sciences
8,Biology,80.0,Biology,Bio Sciences,Bio Sciences
16,Biology,80.0,Biology,Bio Sciences,Bio Sciences
7,Biology,80.0,Biology,Bio Sciences,Bio Sciences
17,Computer,80.0,English,English,English
6,Computer,80.0,English,English,English
11,O Level,80.0,English,English,English
17,O Level,80.0,English,English,English
10,O Level,80.0,English,English,English
16,Biology,80.0,Biology,Bio Sciences,Bio Sciences
14,Biology,80.0,Biology,Bio Sciences,Bio Sciences
6,Biology,80.0,Biology,Bio Sciences,Bio Sciences
12,Computer,80.0,Computer Science,Mathematics,Mathematics
10,Computer,80.0,Physics,Psychology,Psychology
10,Computer,80.0,Physics,Psychology,Psychology
7,Biology,80.0,Biology,Bio Sciences,Bio Sciences
16,Computer,80.0,Biology,Bio Sciences,Bio Sciences
8,Biology,80.0,Biology,Bio Sciences,Bio Sciences
12,Biology,80.0,English,English,English
11,Computer,80.0,English,English,English
17,Computer,80.0,English,English,English
7,Computer,80.0,Mathematics,Mathematics,Mathematics
11,Computer,77.0,English,Mathematics,Mathematics
7,Computer,80.0,Computer Science,Computer Science,Computer Science
7,Computer,80.0,Computer Science,Computer Science,Computer Science
7,Computer,80.0,Computer Science,Computer Science,Computer Science
16,Computer,80.0,Computer Science,Computer Science,Computer Science
8,Computer,80.0,Mathematics,Mathematics,Mathematics
7,Computer,80.0,Physics,Psychology,Psychology
9,Computer,80.0,Physics,Psychology,Psychology
14,Biology,80.0,Biology,Bio Sciences,Bio Sciences
11,Biology,80.0,Biology,Bio Sciences,Bio Sciences
6,Biology,80.0,Biology,Bio Sciences,Bio Sciences
13,Computer,80.0,Computer Science,Computer Science,Computer Science
17,Computer,80.0,Computer Science,Computer Science,Computer Science
12,Computer,80.0,Computer Science,Computer Science,Computer Science
15,Computer,80.0,Computer Science,Computer Science,Computer Science
8,Computer,80.0,Computer Science,Computer Science,Computer Science
6,Computer,80.0,Computer Science,Computer Science,Computer Science
10,Computer,80.0,Computer Science,Computer Science,Computer Science
9,Computer,80.0,Computer Science,Computer Science,Computer Science
15,Computer,80.0,Computer Science,Computer Science,Computer Science
13,Computer,80.0,Computer Science,Computer Science,Computer Science
6,Computer,80.0,Computer Science,Computer Science,Computer Science
15,Computer,80.0,Computer Science,Computer Science,Computer Science
6,Biology,80.0,Biology,Bio Sciences,Bio Sciences
17,Biology,80.0,Biology,Bio Sciences,Bio Sciences
9,Biology,80.0,Biology,Bio Sciences,Bio Sciences
13,Biology,80.0,Biology,Bio Sciences,Bio Sciences
10,Biology,80.0,Biology,Bio Sciences,Bio Sciences
7,Biology,80.0,Biology,Bio Sciences,Bio Sciences
11,Biology,80.0,Biology,Bio Sciences,Bio Sciences
10,Biology,80.0,Biology,Bio Sciences,Bio Sciences
7,Biology,80.0,Biology,Bio Sciences,Bio Sciences
16,Biology,80.0,Biology,Bio Sciences,Bio Sciences
16,O Level,80.0,English,English,English
16,O Level,80.0,English,English,English
8,O Level,80.0,English,English,English
14,O Level,80.0,English,English,English
12,O Level,80.0,English,English,English
12,O Level,80.0,English,English,English
16,O Level,80.0,English,English,English
11,O Level,80.0,English,English,English
13,O Level,80.0,English,English,English
9,Computer,80.0,English,English,English
13,O Level,80.0,English,English,English
9,O Level,80.0,English,English,English
13,O Level,80.0,English,English,English
14,O Level,80.0,English,English,English
8,O Level,80.0,English,English,English
8,O Level,80.0,English,English,English
16,O Level,80.0,English,English,English
7,O Level,80.0,English,English,English
15,O Level,80.0,English,English,English
8,O Level,80.0,English,English,English
8,O Level,80.0,English,English,English
10,Biology,80.0,Biology,Bio Sciences,Bio Sciences
10,Biology,80.0,Biology,Bio Sciences,Bio Sciences
7,Biology,80.0,English,English,English
17,Biology,80.0,Biology,Bio Sciences,Bio Sciences
15,Biology,80.0,Biology,Bio Sciences,Bio Sciences
11,Biology,80.0,Biology,Bio Sciences,Bio Sciences
10,Computer,80.0,Computer Science,Computer Science,Computer Science
11,Computer,80.0,Computer Science,Computer Science,Computer Science
6,Computer,80.0,Computer Science,Computer Science,Computer Science
10,Computer,80.0,Biology,Software Engineering,Software Engineering
14,Computer,80.0,Computer Science,Software Engineering,Software Engineering
17,Computer,80.0,Mathematics,Mathematics,Mathematics
15,Computer,80.0,Mathematics,Mathematics,Mathematics
7,Computer,80.0,Mathematics,Mathematics,Mathematics
6,Computer,80.0,Computer Science,Computer Science,Computer Science
15,Computer,80.0,Chemistry,Electrical Engineering,Electrical Engineering
16,Computer,80.0,Mathematics,Psychology,Psychology
14,Biology,80.0,Biology,Bio Sciences,Bio Sciences
15,Computer,80.0,English,English,English
14,Computer,80.0,Computer Science,Computer Science,Computer Science
14,Computer,80.0,Computer Science,Computer Science,Computer Science
11,Computer,80.0,Computer Science,Computer Science,Computer Science
13,Computer,80.0,Computer Science,Computer Science,Computer Science
16,Computer,80.0,Computer Science,Computer Science,Computer Science
6,Computer,80.0,Computer Science,Computer Science,Computer Science
15,Computer,80.0,Computer Science,Computer Science,Computer Science
9,Computer,80.0,Computer Science,Computer Science,Computer Science
6,Computer,80.0,Computer Science,Computer Science,Computer Science
13,Biology,80.0,Biology,Bio Sciences,Bio Sciences
6,Biology,80.0,Biology,Bio Sciences,Bio Sciences
8,Biology,80.0,Biology,Bio Sciences,Bio Sciences
9,Biology,80.0,Biology,Bio Sciences,Bio Sciences
13,Biology,80.0,Chemistry,Civil Engineering,Civil Engineering
11,Biology,80.0,Physics,Bio Sciences,Bio Sciences
15,Biology,80.0,Finance / Accounting / Statistics,Civil Engineering,Software Engineering
17,Biology,80.0,English,Bio Sciences,Bio Sciences
12,Computer,65.0,Mathematics,Computer Science,Mechanical Engineering
13,Computer,60.0,Physics,Computer Science,English
7,Biology,65.0,Biology,Bio Sciences,Bio Sciences
15,Computer,80.0,English,Business Administration,Business Administration
16,Computer,75.0,Biology,Software Engineering,Computer Science
13,Biology,60.0,Computer Science,Computer Science,Computer Science
8,Biology,50.0,Computer Science,Computer Science,Mathematics
12,Biology,50.0,Computer Science,Computer Science,Computer Science
8,Biology,50.0,Computer Science,Computer Science,Computer Science
12,Biology,50.0,Computer Science,Computer Science,Civil Engineering
16,Biology,50.0,Physics,Electrical Engineering,Software Engineering
17,O Level,50.0,Biology,Electrical Engineering,Psychology
7,Arts,60.0,Computer Science,Mechanical Engineering,Account and Finance
15,Arts,66.0,Finance / Accounting / Statistics,Civil Engineering,Electrical Engineering
11,Biology,80.0,Biology,English,English
8,Computer,94.0,Computer Science,Computer Science,Computer Science
8,Computer,87.0,Computer Science,Computer Science,Computer Science
14,O Level,67.0,Physics,Psychology,Psychology
12,Biology,67.0,Mathematics,Business Administration,Business Administration
10,Biology,82.0,Mathematics,Mechanical Engineering,Mechanical Engineering
17,Biology,67.0,Mathematics,Mathematics,Business Administration
15,Biology,70.0,Finance / Accounting / Statistics,Account and Finance,Account and Finance
12,Biology,66.0,English,Civil Engineering,Civil Engineering
14,Biology,79.0,Mathematics,Business Administration,Business Administration
6,Biology,77.0,Computer Science,Software Engineering,Business Administration
12,Computer,94.0,Mathematics,Mathematics,Mathematics
11,Biology,82.0,Mathematics,Electrical Engineering,Electrical Engineering
15,Biology,99.0,Mathematics,Mathematics,Mathematics
17,Computer,90.0,Computer Science,Computer Science,Software Engineering
14,O Level,70.0,English,English,English
6,Arts,89.0,Computer Science,Software Engineering,Computer Science
9,Biology,98.0,Biology,English,Bio Sciences
14,Biology,98.0,Biology,English,Bio Sciences
9,Biology,98.0,Biology,Bio Sciences,English
15,Biology,98.0,Biology,English,Bio Sciences
8,Biology,98.0,Biology,English,Bio Sciences
14,Biology,93.0,English,Software Engineering,Software Engineering
7,Biology,93.0,English,Software Engineering,Software Engineering
9,Biology,98.0,Biology,English,Bio Sciences
11,Biology,93.0,English,Software Engineering,Software Engineering
7,Biology,98.0,Mathematics,Mathematics,Mathematics
13,Biology,93.0,English,Software Engineering,Software Engineering
13,Biology,93.0,English,Software Engineering,Software Engineering
6,Biology,93.0,English,Software Engineering,Software Engineering
17,Biology,98.0,Chemistry,Psychology,Bio Sciences
8,Biology,93.0,English,Software Engineering,Software Engineering
15,Biology,89.0,Biology,Psychology,Psychology
14,Biology,93.0,English,Software Engineering,Software Engineering
10,Biology,93.0,English,Software Engineering,Software Engineering
11,Biology,78.0,Biology,Bio Sciences,Bio Sciences
9,Biology,78.0,Biology,Bio Sciences,Bio Sciences
15,Biology,93.0,English,Software Engineering,Software Engineering
7,Biology,77.0,Biology,Psychology,Psychology
16,Computer,76.0,Computer Science,Mechanical Engineering,Mechanical Engineering
13,Computer,86.0,Biology,Psychology,English
16,Computer,76.0,Chemistry,Mathematics,Mathematics
11,Biology,88.0,Chemistry,Civil Engineering,Civil Engineering
10,O Level,77.0,Finance / Accounting / Statistics,Business Administration,Business Administration
14,O Level,66.0,Finance / Accounting / Statistics,Account and Finance,Account and Finance
6,O Level,77.0,Finance / Accounting / Statistics,Mechanical Engineering,Software Engineering
10,O Level,88.0,Finance / Accounting / Statistics,Business Administration,Business Administration
11,O Level,88.0,Finance / Accounting / Statistics,Business Administration,Business Administration
10,Computer,66.0,Biology,Psychology,Bio Sciences
11,Computer,88.0,Chemistry,Psychology,Psychology
11,Biology,88.0,Computer Science,Computer Science,Computer Science
12,O Level,88.0,Computer Science,Computer Science,Computer Science
9,Biology,77.0,Computer Science,Computer Science,Bio Sciences
16,O Level,88.0,Physics,Software Engineering,Software Engineering
13,O Level,88.0,Biology,Psychology,English
12,Computer,88.0,Computer Science,Computer Science,Computer Science
14,Biology,93.0,English,Software Engineering,Software Engineering
12,Biology,93.0,English,Software Engineering,Software Engineering
8,Biology,93.0,English,Software Engineering,Software Engineering
8,Biology,93.0,English,Software Engineering,Software Engineering
13,Biology,93.0,English,Software Engineering,Software Engineering
10,Biology,98.0,Computer Science,Computer Science,Computer Science
9,Biology,93.0,English,Software Engineering,Software Engineering
13,Biology,88.0,Finance / Accounting / Statistics,Business Administration,Business Administration
11,Biology,93.0,English,Software Engineering,Software Engineering
7,O Level,88.0,Finance / Accounting / Statistics,Account and Finance,Account and Finance
9,Biology,93.0,English,Software Engineering,Software Engineering
17,Biology,93.0,English,Software Engineering,Software Engineering
16,Biology,93.0,English,Software Engineering,Software Engineering
